Author,DocumentID
Al Franken,1
Al Franken,2
Al Franken,3
Al Franken,4
Al Franken,5
Al Franken,6
Al Franken,7
Al Franken,8
Al Franken,9
Al Franken,10
Al Franken,11
Al Franken,12
Al Franken,13
Al Franken,14
Al Franken,15
Al Franken,16
Al Franken,17
Al Franken,18
Al Franken,19
Amy Klobuchar,20
Amy Klobuchar,21
Amy Klobuchar,22
Amy Klobuchar,23
Amy Klobuchar,24
Amy Klobuchar,25
Amy Klobuchar,26
Amy Klobuchar,27
Amy Klobuchar,28
Amy Klobuchar,29
Amy Klobuchar,30
Amy Klobuchar,31
Amy Klobuchar,32
Amy Klobuchar,33
Amy Klobuchar,34
Amy Klobuchar,35
Amy Klobuchar,36
Amy Klobuchar,37
Amy Klobuchar,38
Arlen Specter,39
Arlen Specter,40
Arlen Specter,41
Arlen Specter,42
Arlen Specter,43
Arlen Specter,44
Arlen Specter,45
Arlen Specter,46
Arlen Specter,47
Arlen Specter,48
Arlen Specter,49
Arlen Specter,50
Arlen Specter,51
Arlen Specter,52
Arlen Specter,53
Barbara Boxer,54
Barbara Boxer,55
Barbara Boxer,56
Barbara Boxer,57
Barbara Boxer,58
Barbara Boxer,59
Barbara Boxer,60
Barbara Boxer,61
Barbara Boxer,62
Barbara Boxer,63
Barbara Mikulski,64
Barbara Mikulski,65
Barbara Mikulski,66
Barbara Mikulski,67
Barbara Mikulski,68
Barbara Mikulski,69
Barbara Mikulski,70
Barbara Mikulski,71
Barbara Mikulski,72
Barbara Mikulski,73
Barbara Mikulski,74
Barbara Mikulski,75
Barbara Mikulski,76
Barbara Mikulski,77
Barbara Mikulski,78
Ben Nelson,79
Ben Nelson,80
Ben Nelson,81
Ben Nelson,82
Ben Nelson,83
Ben Nelson,84
Ben Nelson,85
Ben Nelson,86
Ben Nelson,87
Ben Nelson,88
Ben Nelson,89
Ben Nelson,90
Ben Nelson,91
Ben Nelson,92
Ben Nelson,93
Ben Nelson,94
Ben Nelson,95
Ben Nelson,96
Ben Nelson,97
Benjamin Cardin,98
Benjamin Cardin,99
Benjamin Cardin,100
Benjamin Cardin,101
Benjamin Cardin,102
Benjamin Cardin,103
Benjamin Cardin,104
Benjamin Cardin,105
Benjamin Cardin,106
Benjamin Cardin,107
Benjamin Cardin,108
Bernie Sanders,109
Bernie Sanders,110
Bernie Sanders,111
Bernie Sanders,112
Bernie Sanders,113
Bernie Sanders,114
Bernie Sanders,115
Bernie Sanders,116
Bernie Sanders,117
Bernie Sanders,118
Bernie Sanders,119
Bernie Sanders,120
Bernie Sanders,121
Bernie Sanders,122
Bernie Sanders,123
Bill Nelson,124
Bill Nelson,125
Bill Nelson,126
Bill Nelson,127
Bill Nelson,128
Bill Nelson,129
Bill Nelson,130
Bill Nelson,131
Bill Nelson,132
Bill Nelson,133
Bill Nelson,134
Bill Nelson,135
Bill Nelson,136
Bill Nelson,137
Blanche Lincoln,138
Blanche Lincoln,139
Blanche Lincoln,140
Blanche Lincoln,141
Blanche Lincoln,142
Blanche Lincoln,143
Blanche Lincoln,144
Blanche Lincoln,145
Blanche Lincoln,146
Blanche Lincoln,147
Blanche Lincoln,148
Blanche Lincoln,149
Blanche Lincoln,150
Blanche Lincoln,151
Blanche Lincoln,152
Blanche Lincoln,153
Blanche Lincoln,154
Blanche Lincoln,155
Blanche Lincoln,156
Blanche Lincoln,157
Bob Bennett,158
Bob Bennett,159
Bob Bennett,160
Bob Bennett,161
Bob Bennett,162
Bob Corker,163
Bob Corker,164
Bob Corker,165
Bob Corker,166
Bob Corker,167
Bob Corker,168
Bob Corker,169
Bob Corker,170
Bob Corker,171
Bob Corker,172
Bob Corker,173
Byron Dorgan,174
Byron Dorgan,175
Byron Dorgan,176
Byron Dorgan,177
Byron Dorgan,178
Byron Dorgan,179
Byron Dorgan,180
Byron Dorgan,181
Byron Dorgan,182
Byron Dorgan,183
Byron Dorgan,184
Byron Dorgan,185
Byron Dorgan,186
Carl Levin,187
Carl Levin,188
Carl Levin,189
Carl Levin,190
Carl Levin,191
Charles Schumer,192
Charles Schumer,193
Charles Schumer,194
Charles Schumer,195
Charles Schumer,196
Charles Schumer,197
Charles Schumer,198
Charles Schumer,199
Charles Schumer,200
Charles Schumer,201
Charles Schumer,202
Charles Schumer,203
Charles Schumer,204
Charles Schumer,205
Charles Schumer,206
Charles Schumer,207
Charles Schumer,208
Charles Schumer,209
Charles Schumer,210
Chris Dodd,211
Chris Dodd,212
Chris Dodd,213
Chris Dodd,214
Chris Dodd,215
Chris Dodd,216
Chris Dodd,217
Chris Dodd,218
Chris Dodd,219
Chris Dodd,220
Chuck Grassley,221
Chuck Grassley,222
Chuck Grassley,223
Chuck Grassley,224
Chuck Grassley,225
Chuck Grassley,226
Chuck Grassley,227
Chuck Grassley,228
Chuck Grassley,229
Chuck Grassley,230
Chuck Grassley,231
Chuck Grassley,232
Chuck Grassley,233
Chuck Grassley,234
Chuck Grassley,235
Chuck Grassley,236
Chuck Grassley,237
Chuck Grassley,238
Chuck Grassley,239
Chuck Grassley,240
Claire McCaskill,241
Claire McCaskill,242
Claire McCaskill,243
Claire McCaskill,244
Claire McCaskill,245
Claire McCaskill,246
Claire McCaskill,247
Claire McCaskill,248
Claire McCaskill,249
Claire McCaskill,250
Claire McCaskill,251
Claire McCaskill,252
Claire McCaskill,253
Claire McCaskill,254
Claire McCaskill,255
Claire McCaskill,256
Dan Inouye,257
Dan Inouye,258
Dan Inouye,259
Dan Inouye,260
Dan Inouye,261
Dan Inouye,262
Dan Inouye,263
Dan Inouye,264
Dan Inouye,265
Dan Inouye,266
Dan Inouye,267
Dan Inouye,268
Dan Inouye,269
Dan Inouye,270
Dan Inouye,271
Dan Inouye,272
Daniel Akaka,273
Daniel Akaka,274
Daniel Akaka,275
Daniel Akaka,276
Daniel Akaka,277
Daniel Akaka,278
Daniel Akaka,279
Daniel Akaka,280
Daniel Akaka,281
Daniel Akaka,282
Daniel Akaka,283
Daniel Akaka,284
Daniel Akaka,285
Daniel Akaka,286
Daniel Akaka,287
David Vitter,288
David Vitter,289
David Vitter,290
David Vitter,291
David Vitter,292
David Vitter,293
David Vitter,294
David Vitter,295
David Vitter,296
David Vitter,297
Debbie Stabenow,298
Debbie Stabenow,299
Debbie Stabenow,300
Debbie Stabenow,301
Debbie Stabenow,302
Debbie Stabenow,303
Debbie Stabenow,304
Debbie Stabenow,305
Debbie Stabenow,306
Debbie Stabenow,307
Debbie Stabenow,308
Debbie Stabenow,309
Debbie Stabenow,310
Debbie Stabenow,311
Debbie Stabenow,312
Debbie Stabenow,313
Dianne Feinstein,314
Dianne Feinstein,315
Dianne Feinstein,316
Dianne Feinstein,317
Dianne Feinstein,318
Dianne Feinstein,319
Dianne Feinstein,320
Dianne Feinstein,321
Dianne Feinstein,322
Dianne Feinstein,323
Dianne Feinstein,324
Dianne Feinstein,325
Dianne Feinstein,326
Dianne Feinstein,327
Dianne Feinstein,328
Dianne Feinstein,329
Dianne Feinstein,330
Dianne Feinstein,331
Dick Durbin,332
Dick Durbin,333
Dick Durbin,334
Dick Durbin,335
Dick Durbin,336
Dick Durbin,337
Dick Durbin,338
Dick Durbin,339
Dick Durbin,340
Dick Durbin,341
Dick Durbin,342
Dick Durbin,343
Dick Durbin,344
Dick Durbin,345
Dick Durbin,346
Evan Bayh,347
Evan Bayh,348
Evan Bayh,349
Evan Bayh,350
Evan Bayh,351
Frank Lautenberg,352
Frank Lautenberg,353
Frank Lautenberg,354
Frank Lautenberg,355
Frank Lautenberg,356
Frank Lautenberg,357
Frank Lautenberg,358
Frank Lautenberg,359
Frank Lautenberg,360
Frank Lautenberg,361
Frank Lautenberg,362
Frank Lautenberg,363
Frank Lautenberg,364
Frank Lautenberg,365
Frank Lautenberg,366
Frank Lautenberg,367
Frank Lautenberg,368
Frank Lautenberg,369
Frank Lautenberg,370
Frank Lautenberg,371
Frank Lautenberg,372
Frank Lautenberg,373
Frank Lautenberg,374
Frank Lautenberg,375
George LeMieux,376
George LeMieux,377
George LeMieux,378
George LeMieux,379
George LeMieux,380
George LeMieux,381
George LeMieux,382
George LeMieux,383
George LeMieux,384
George LeMieux,385
George Voinovich,386
George Voinovich,387
George Voinovich,388
George Voinovich,389
George Voinovich,390
George Voinovich,391
George Voinovich,392
George Voinovich,393
George Voinovich,394
George Voinovich,395
George Voinovich,396
George Voinovich,397
George Voinovich,398
George Voinovich,399
George Voinovich,400
George Voinovich,401
George Voinovich,402
George Voinovich,403
Harry Reid,404
Harry Reid,405
Harry Reid,406
Harry Reid,407
Harry Reid,408
Harry Reid,409
Harry Reid,410
Harry Reid,411
Harry Reid,412
Harry Reid,413
Harry Reid,414
Harry Reid,415
Harry Reid,416
Harry Reid,417
Harry Reid,418
Harry Reid,419
Harry Reid,420
Herb Kohl,421
Herb Kohl,422
Herb Kohl,423
Herb Kohl,424
Herb Kohl,425
Herb Kohl,426
Herb Kohl,427
Herb Kohl,428
Herb Kohl,429
Herb Kohl,430
Herb Kohl,431
Herb Kohl,432
Herb Kohl,433
Herb Kohl,434
Herb Kohl,435
Herb Kohl,436
Jack Reed,437
Jack Reed,438
Jack Reed,439
Jack Reed,440
Jack Reed,441
Jack Reed,442
Jack Reed,443
Jack Reed,444
Jack Reed,445
Jack Reed,446
Jack Reed,447
Jack Reed,448
Jack Reed,449
Jack Reed,450
Jack Reed,451
Jack Reed,452
Jack Reed,453
Jack Reed,454
Jack Reed,455
Jack Reed,456
Jack Reed,457
Jack Reed,458
Jack Reed,459
Jack Reed,460
Jack Reed,461
James Inhofe,462
James Inhofe,463
James Inhofe,464
James Inhofe,465
James Inhofe,466
James Inhofe,467
James Inhofe,468
James Inhofe,469
James Inhofe,470
James Inhofe,471
James Inhofe,472
James Inhofe,473
James Inhofe,474
James Inhofe,475
James Inhofe,476
James Inhofe,477
James Inhofe,478
James Inhofe,479
James Inhofe,480
James Risch,481
James Risch,482
James Risch,483
James Risch,484
James Risch,485
James Risch,486
James Risch,487
James Risch,488
James Risch,489
James Risch,490
Jeanne Shaheen,491
Jeanne Shaheen,492
Jeanne Shaheen,493
Jeanne Shaheen,494
Jeanne Shaheen,495
Jeanne Shaheen,496
Jeanne Shaheen,497
Jeanne Shaheen,498
Jeanne Shaheen,499
Jeanne Shaheen,500
Jeanne Shaheen,501
Jeanne Shaheen,502
Jeanne Shaheen,503
Jeanne Shaheen,504
Jeanne Shaheen,505
Jeff Bingaman,506
Jeff Bingaman,507
Jeff Bingaman,508
Jeff Bingaman,509
Jeff Bingaman,510
Jeff Merkley,511
Jeff Merkley,512
Jeff Merkley,513
Jeff Merkley,514
Jeff Merkley,515
Jeff Merkley,516
Jeff Merkley,517
Jeff Merkley,518
Jeff Merkley,519
Jeff Merkley,520
Jeff Merkley,521
Jeff Merkley,522
Jeff Merkley,523
Jeff Merkley,524
Jeff Sessions,525
Jeff Sessions,526
Jeff Sessions,527
Jeff Sessions,528
Jeff Sessions,529
Jeff Sessions,530
Jeff Sessions,531
Jeff Sessions,532
Jeff Sessions,533
Jeff Sessions,534
Jeff Sessions,535
Jeff Sessions,536
Jim Bunning,537
Jim Bunning,538
Jim Bunning,539
Jim Bunning,540
Jim Bunning,541
Jim Bunning,542
Jim Bunning,543
Jim Demint,544
Jim Demint,545
Jim Demint,546
Jim Demint,547
Jim Demint,548
Jim Demint,549
Jim Demint,550
Jim Demint,551
Jim Demint,552
Jim Demint,553
Jim Demint,554
Jim Demint,555
Jim Demint,556
Jim Webb,557
Jim Webb,558
Jim Webb,559
Jim Webb,560
Jim Webb,561
Jim Webb,562
Jim Webb,563
Jim Webb,564
Jim Webb,565
Jim Webb,566
Joe Manchin,567
Joe Manchin,568
Joe Manchin,569
Joe Manchin,570
Joe Manchin,571
Joe Manchin,572
Joe Manchin,573
Joe Manchin,574
Joe Manchin,575
Joe Manchin,576
Joe Manchin,577
Joe Manchin,578
Joe Manchin,579
Joe Manchin,580
Joe Manchin,581
Joe Manchin,582
Joe Manchin,583
Joe Manchin,584
Joe Manchin,585
Joe Manchin,586
Joe Manchin,587
Joe Manchin,588
Joe Manchin,589
Joe Manchin,590
John Barrasso,591
John Cornyn,592
John Cornyn,593
John Cornyn,594
John Cornyn,595
John Cornyn,596
John Cornyn,597
John Cornyn,598
John Cornyn,599
John Cornyn,600
John Cornyn,601
John Ensign,602
John Ensign,603
John Ensign,604
John Ensign,605
John Ensign,606
John Ensign,607
John Ensign,608
John Ensign,609
John Ensign,610
John Ensign,611
John Ensign,612
John Kerry,613
John Kerry,614
John Kerry,615
John Kerry,616
John Kerry,617
John Kerry,618
John Kerry,619
John Kerry,620
John Kerry,621
John Kerry,622
John Kerry,623
John Kerry,624
John Kerry,625
John Kerry,626
John Kerry,627
John McCain,628
John McCain,629
John McCain,630
John McCain,631
John McCain,632
John McCain,633
John McCain,634
John McCain,635
John McCain,636
John McCain,637
John Rockefeller,638
John Rockefeller,639
John Rockefeller,640
John Rockefeller,641
John Rockefeller,642
John Rockefeller,643
John Rockefeller,644
John Rockefeller,645
John Rockefeller,646
John Rockefeller,647
John Rockefeller,648
John Rockefeller,649
John Rockefeller,650
John Rockefeller,651
John Rockefeller,652
John Rockefeller,653
John Rockefeller,654
John Rockefeller,655
John Rockefeller,656
John Thune,657
John Thune,658
John Thune,659
John Thune,660
John Thune,661
John Thune,662
John Thune,663
John Thune,664
John Thune,665
John Thune,666
John Thune,667
John Thune,668
John Thune,669
John Thune,670
John Thune,671
Johnny Isakson,672
Johnny Isakson,673
Johnny Isakson,674
Johnny Isakson,675
Johnny Isakson,676
Johnny Isakson,677
Johnny Isakson,678
Johnny Isakson,679
Johnny Isakson,680
Johnny Isakson,681
Johnny Isakson,682
Johnny Isakson,683
Johnny Isakson,684
Johnny Isakson,685
Johnny Isakson,686
Johnny Isakson,687
Johnny Isakson,688
Johnny Isakson,689
Jon Kyl,690
Jon Kyl,691
Jon Kyl,692
Jon Kyl,693
Jon Kyl,694
Jon Kyl,695
Jon Kyl,696
Jon Tester,697
Jon Tester,698
Jon Tester,699
Jon Tester,700
Jon Tester,701
Jon Tester,702
Jon Tester,703
Jon Tester,704
Jon Tester,705
Jon Tester,706
Jon Tester,707
Jon Tester,708
Jon Tester,709
Jon Tester,710
Jon Tester,711
Jon Tester,712
Jon Tester,713
Jon Tester,714
Jon Tester,715
Jon Tester,716
Joseph Lieberman,717
Joseph Lieberman,718
Joseph Lieberman,719
Joseph Lieberman,720
Joseph Lieberman,721
Joseph Lieberman,722
Joseph Lieberman,723
Joseph Lieberman,724
Joseph Lieberman,725
Joseph Lieberman,726
Joseph Lieberman,727
Joseph Lieberman,728
Joseph Lieberman,729
Joseph Lieberman,730
Joseph Lieberman,731
Joseph Lieberman,732
Judd Gregg,733
Judd Gregg,734
Judd Gregg,735
Judd Gregg,736
Judd Gregg,737
Judd Gregg,738
Judd Gregg,739
Judd Gregg,740
Judd Gregg,741
Judd Gregg,742
Judd Gregg,743
Judd Gregg,744
Judd Gregg,745
Judd Gregg,746
Judd Gregg,747
Kay Hagan,748
Kay Hagan,749
Kay Hagan,750
Kay Hagan,751
Kay Hagan,752
Kay Hagan,753
Kay Hagan,754
Kay Hagan,755
Kay Hagan,756
Kay Hagan,757
Kay Hagan,758
Kay Hagan,759
Kay Hagan,760
Kay Hagan,761
Kay Hagan,762
Kay Hagan,763
Kay Hagan,764
Kay Hagan,765
Kay Hagan,766
Kay Hagan,767
Kay Hutchison,768
Kay Hutchison,769
Kay Hutchison,770
Kay Hutchison,771
Kay Hutchison,772
Kay Hutchison,773
Kay Hutchison,774
Kay Hutchison,775
Kay Hutchison,776
Kay Hutchison,777
Kay Hutchison,778
Kay Hutchison,779
Kay Hutchison,780
Kay Hutchison,781
Kay Hutchison,782
Kay Hutchison,783
Kay Hutchison,784
Kay Hutchison,785
Kent Conrad,786
Kent Conrad,787
Kent Conrad,788
Kent Conrad,789
Kent Conrad,790
Kent Conrad,791
Kent Conrad,792
Kent Conrad,793
Kent Conrad,794
Kent Conrad,795
Kent Conrad,796
Kent Conrad,797
Kent Conrad,798
Kent Conrad,799
Kent Conrad,800
Kent Conrad,801
Kent Conrad,802
Kent Conrad,803
Kent Conrad,804
Kent Conrad,805
Kent Conrad,806
Kent Conrad,807
Kirsten Gillibrand,808
Kirsten Gillibrand,809
Kirsten Gillibrand,810
Kirsten Gillibrand,811
Kirsten Gillibrand,812
Kirsten Gillibrand,813
Kirsten Gillibrand,814
Kirsten Gillibrand,815
Kirsten Gillibrand,816
Kirsten Gillibrand,817
Kirsten Gillibrand,818
Kirsten Gillibrand,819
Kirsten Gillibrand,820
Kirsten Gillibrand,821
Kirsten Gillibrand,822
Kit Bond,823
Kit Bond,824
Kit Bond,825
Kit Bond,826
Kit Bond,827
Kit Bond,828
Kit Bond,829
Kit Bond,830
Kit Bond,831
Kit Bond,832
Lamar Alexander,833
Lamar Alexander,834
Lamar Alexander,835
Lamar Alexander,836
Lamar Alexander,837
Lamar Alexander,838
Lamar Alexander,839
Lamar Alexander,840
Lamar Alexander,841
Lamar Alexander,842
Lindsey Graham,843
Lindsey Graham,844
Lindsey Graham,845
Lindsey Graham,846
Lindsey Graham,847
Lindsey Graham,848
Lindsey Graham,849
Lindsey Graham,850
Lindsey Graham,851
Lindsey Graham,852
Lindsey Graham,853
Lindsey Graham,854
Lindsey Graham,855
Lindsey Graham,856
Lindsey Graham,857
Lindsey Graham,858
Lindsey Graham,859
Lisa Murkowski,860
Lisa Murkowski,861
Lisa Murkowski,862
Lisa Murkowski,863
Lisa Murkowski,864
Lisa Murkowski,865
Lisa Murkowski,866
Lisa Murkowski,867
Lisa Murkowski,868
Lisa Murkowski,869
Maria Cantwell,870
Maria Cantwell,871
Maria Cantwell,872
Maria Cantwell,873
Maria Cantwell,874
Maria Cantwell,875
Maria Cantwell,876
Maria Cantwell,877
Maria Cantwell,878
Maria Cantwell,879
Maria Cantwell,880
Maria Cantwell,881
Mark Begich,882
Mark Begich,883
Mark Begich,884
Mark Begich,885
Mark Begich,886
Mark Begich,887
Mark Begich,888
Mark Begich,889
Mark Pryor,890
Mark Pryor,891
Mark Pryor,892
Mark Pryor,893
Mark Pryor,894
Mark Pryor,895
Mark Pryor,896
Mark Pryor,897
Mark Pryor,898
Mark Udall,899
Mark Udall,900
Mark Udall,901
Mark Udall,902
Mark Udall,903
Mark Udall,904
Mark Udall,905
Mark Udall,906
Mark Udall,907
Mark Udall,908
Mark Udall,909
Mark Udall,910
Mark Udall,911
Mark Udall,912
Mark Udall,913
Mark Udall,914
Mark Udall,915
Mark Udall,916
Mark Udall,917
Mark Udall,918
Mark Warner,919
Mark Warner,920
Mark Warner,921
Mark Warner,922
Mark Warner,923
Mark Warner,924
Mark Warner,925
Mark Warner,926
Mark Warner,927
Mark Warner,928
Mark Warner,929
Mark Warner,930
Mark Warner,931
Mark Warner,932
Mark Warner,933
Mary Landrieu,934
Mary Landrieu,935
Mary Landrieu,936
Mary Landrieu,937
Mary Landrieu,938
Mary Landrieu,939
Mary Landrieu,940
Mary Landrieu,941
Mary Landrieu,942
Mary Landrieu,943
Mary Landrieu,944
Mary Landrieu,945
Mary Landrieu,946
Mary Landrieu,947
Mary Landrieu,948
Mary Landrieu,949
Mary Landrieu,950
Mary Landrieu,951
Mary Landrieu,952
Mary Landrieu,953
Max Baucus,954
Michael Bennet,955
Michael Bennet,956
Michael Bennet,957
Michael Bennet,958
Michael Bennet,959
Michael Bennet,960
Michael Bennet,961
Michael Bennet,962
Michael Bennet,963
Michael Bennet,964
Mike Crapo,965
Mike Crapo,966
Mike Crapo,967
Mike Crapo,968
Mike Crapo,969
Mike Crapo,970
Mike Crapo,971
Mike Crapo,972
Mike Crapo,973
Mike Crapo,974
Mike Crapo,975
Mike Crapo,976
Mike Crapo,977
Mike Crapo,978
Mike Crapo,979
Mike Enzi,980
Mike Enzi,981
Mike Enzi,982
Mike Enzi,983
Mike Enzi,984
Mike Enzi,985
Mike Enzi,986
Mike Enzi,987
Mike Enzi,988
Mike Enzi,989
Mike Johanns,990
Mike Johanns,991
Mike Johanns,992
Mike Johanns,993
Mike Johanns,994
Mike Johanns,995
Mike Johanns,996
Mike Johanns,997
Mike Johanns,998
Mike Johanns,999
Mike Johanns,1000
Mike Johanns,1001
Mike Johanns,1002
Mike Johanns,1003
Mike Johanns,1004
Mike Johanns,1005
Mike Johanns,1006
Mike Johanns,1007
Mike Johanns,1008
Mike Johanns,1009
Mike Johanns,1010
Mike Johanns,1011
Mike Johanns,1012
Mike Johanns,1013
Mike Johanns,1014
Mitch McConnell,1015
Mitch McConnell,1016
Mitch McConnell,1017
Mitch McConnell,1018
Mitch McConnell,1019
Mitch McConnell,1020
Mitch McConnell,1021
Mitch McConnell,1022
Mitch McConnell,1023
Mitch McConnell,1024
Mitch McConnell,1025
Mitch McConnell,1026
Mitch McConnell,1027
Mitch McConnell,1028
Mitch McConnell,1029
Mitch McConnell,1030
Mitch McConnell,1031
Mitch McConnell,1032
Mitch McConnell,1033
Mitch McConnell,1034
Mitch McConnell,1035
Olympia Snowe,1036
Olympia Snowe,1037
Olympia Snowe,1038
Olympia Snowe,1039
Olympia Snowe,1040
Olympia Snowe,1041
Olympia Snowe,1042
Olympia Snowe,1043
Olympia Snowe,1044
Olympia Snowe,1045
Orin Hatch,1046
Orin Hatch,1047
Orin Hatch,1048
Orin Hatch,1049
Orin Hatch,1050
Orin Hatch,1051
Orin Hatch,1052
Orin Hatch,1053
Orin Hatch,1054
Orin Hatch,1055
Orin Hatch,1056
Orin Hatch,1057
Orin Hatch,1058
Orin Hatch,1059
Orin Hatch,1060
Pat Roberts,1061
Pat Roberts,1062
Pat Roberts,1063
Pat Roberts,1064
Pat Roberts,1065
Pat Roberts,1066
Pat Roberts,1067
Pat Roberts,1068
Pat Roberts,1069
Pat Roberts,1070
Patrick Leahy,1071
Patrick Leahy,1072
Patrick Leahy,1073
Patrick Leahy,1074
Patrick Leahy,1075
Patrick Leahy,1076
Patrick Leahy,1077
Patrick Leahy,1078
Patrick Leahy,1079
Patrick Leahy,1080
Patrick Leahy,1081
Patrick Leahy,1082
Patrick Leahy,1083
Patrick Leahy,1084
Patty Murray,1085
Patty Murray,1086
Patty Murray,1087
Patty Murray,1088
Patty Murray,1089
Patty Murray,1090
Patty Murray,1091
Patty Murray,1092
Patty Murray,1093
Patty Murray,1094
Patty Murray,1095
Patty Murray,1096
Patty Murray,1097
Patty Murray,1098
Richard Burr,1099
Richard Burr,1100
Richard Burr,1101
Richard Burr,1102
Richard Burr,1103
Richard Burr,1104
Richard Burr,1105
Richard Burr,1106
Richard Burr,1107
Richard Burr,1108
Richard Lugar,1109
Richard Lugar,1110
Richard Lugar,1111
Richard Lugar,1112
Richard Lugar,1113
Richard Lugar,1114
Richard Lugar,1115
Richard Lugar,1116
Richard Lugar,1117
Richard Lugar,1118
Richard Lugar,1119
Richard Lugar,1120
Richard Lugar,1121
Richard Lugar,1122
Richard Lugar,1123
Richard Shelby,1124
Richard Shelby,1125
Richard Shelby,1126
Richard Shelby,1127
Richard Shelby,1128
Richard Shelby,1129
Richard Shelby,1130
Richard Shelby,1131
Richard Shelby,1132
Richard Shelby,1133
Robert Casey,1134
Robert Casey,1135
Robert Casey,1136
Robert Casey,1137
Robert Casey,1138
Robert Casey,1139
Robert Casey,1140
Robert Casey,1141
Robert Casey,1142
Robert Casey,1143
Robert Casey,1144
Robert Casey,1145
Robert Casey,1146
Robert Casey,1147
Robert Casey,1148
Robert Menendez,1149
Robert Menendez,1150
Robert Menendez,1151
Robert Menendez,1152
Robert Menendez,1153
Robert Menendez,1154
Robert Menendez,1155
Robert Menendez,1156
Robert Menendez,1157
Robert Menendez,1158
Robert Menendez,1159
Robert Menendez,1160
Robert Menendez,1161
Robert Menendez,1162
Roger Wicker,1163
Roger Wicker,1164
Roger Wicker,1165
Roger Wicker,1166
Roger Wicker,1167
Roger Wicker,1168
Roger Wicker,1169
Roger Wicker,1170
Roger Wicker,1171
Roger Wicker,1172
Roger Wicker,1173
Roger Wicker,1174
Roger Wicker,1175
Roger Wicker,1176
Roger Wicker,1177
Roger Wicker,1178
Roger Wicker,1179
Roger Wicker,1180
Roger Wicker,1181
Roger Wicker,1182
Roger Wicker,1183
Roger Wicker,1184
Roger Wicker,1185
Roger Wicker,1186
Roger Wicker,1187
Roger Wicker,1188
Roger Wicker,1189
Roger Wicker,1190
Roger Wicker,1191
Roger Wicker,1192
Ron Wyden,1193
Ron Wyden,1194
Ron Wyden,1195
Ron Wyden,1196
Ron Wyden,1197
Ron Wyden,1198
Ron Wyden,1199
Ron Wyden,1200
Ron Wyden,1201
Ron Wyden,1202
Ron Wyden,1203
Ron Wyden,1204
Ron Wyden,1205
Ron Wyden,1206
Ron Wyden,1207
Russ Feingold,1208
Russ Feingold,1209
Russ Feingold,1210
Russ Feingold,1211
Russ Feingold,1212
Russ Feingold,1213
Russ Feingold,1214
Russ Feingold,1215
Russ Feingold,1216
Russ Feingold,1217
Russ Feingold,1218
Russ Feingold,1219
Russ Feingold,1220
Russ Feingold,1221
Russ Feingold,1222
Russ Feingold,1223
Russ Feingold,1224
Russ Feingold,1225
Sam Brownback,1226
Sam Brownback,1227
Sam Brownback,1228
Sam Brownback,1229
Sam Brownback,1230
Sam Brownback,1231
Sam Brownback,1232
Sam Brownback,1233
Sam Brownback,1234
Sam Brownback,1235
Sam Brownback,1236
Sam Brownback,1237
Sam Brownback,1238
Sam Brownback,1239
Sam Brownback,1240
Saxby Chambliss,1241
Saxby Chambliss,1242
Saxby Chambliss,1243
Saxby Chambliss,1244
Saxby Chambliss,1245
Saxby Chambliss,1246
Saxby Chambliss,1247
Saxby Chambliss,1248
Saxby Chambliss,1249
Saxby Chambliss,1250
Scott Brown,1251
Scott Brown,1252
Scott Brown,1253
Scott Brown,1254
Scott Brown,1255
Scott Brown,1256
Scott Brown,1257
Scott Brown,1258
Scott Brown,1259
Scott Brown,1260
Sheldon Whitehouse,1261
Sheldon Whitehouse,1262
Sheldon Whitehouse,1263
Sheldon Whitehouse,1264
Sheldon Whitehouse,1265
Sheldon Whitehouse,1266
Sheldon Whitehouse,1267
Sheldon Whitehouse,1268
Sheldon Whitehouse,1269
Sheldon Whitehouse,1270
Sheldon Whitehouse,1271
Sheldon Whitehouse,1272
Sheldon Whitehouse,1273
Sheldon Whitehouse,1274
Sheldon Whitehouse,1275
Sherrod Brown,1276
Sherrod Brown,1277
Sherrod Brown,1278
Sherrod Brown,1279
Sherrod Brown,1280
Sherrod Brown,1281
Sherrod Brown,1282
Sherrod Brown,1283
Sherrod Brown,1284
Sherrod Brown,1285
Sherrod Brown,1286
Sherrod Brown,1287
Sherrod Brown,1288
Sherrod Brown,1289
Sherrod Brown,1290
Sherrod Brown,1291
Sherrod Brown,1292
Susan Collins,1293
Susan Collins,1294
Susan Collins,1295
Susan Collins,1296
Susan Collins,1297
Susan Collins,1298
Susan Collins,1299
Susan Collins,1300
Susan Collins,1301
Susan Collins,1302
Thad Cochran,1303
Thad Cochran,1304
Thad Cochran,1305
Thad Cochran,1306
Thad Cochran,1307
Thad Cochran,1308
Thad Cochran,1309
Thad Cochran,1310
Thad Cochran,1311
Thad Cochran,1312
Thad Cochran,1313
Thad Cochran,1314
Thad Cochran,1315
Thad Cochran,1316
Tim Johnson,1317
Tim Johnson,1318
Tim Johnson,1319
Tim Johnson,1320
Tim Johnson,1321
Tim Johnson,1322
Tim Johnson,1323
Tim Johnson,1324
Tim Johnson,1325
Tim Johnson,1326
Tim Johnson,1327
Tim Johnson,1328
Tim Johnson,1329
Tim Johnson,1330
Tim Johnson,1331
Tim Johnson,1332
Tim Johnson,1333
Tim Johnson,1334
Tim Johnson,1335
Tim Johnson,1336
Tim Johnson,1337
Tim Johnson,1338
Tim Johnson,1339
Tim Johnson,1340
Tim Johnson,1341
Tom Carper,1342
Tom Carper,1343
Tom Carper,1344
Tom Carper,1345
Tom Carper,1346
Tom Carper,1347
Tom Carper,1348
Tom Carper,1349
Tom Carper,1350
Tom Carper,1351
Tom Carper,1352
Tom Carper,1353
Tom Carper,1354
Tom Carper,1355
Tom Carper,1356
Tom Carper,1357
Tom Carper,1358
Tom Carper,1359
Tom Carper,1360
Tom Carper,1361
Tom Carper,1362
Tom Coburn,1363
Tom Coburn,1364
Tom Coburn,1365
Tom Coburn,1366
Tom Coburn,1367
Tom Coburn,1368
Tom Coburn,1369
Tom Coburn,1370
Tom Coburn,1371
Tom Coburn,1372
Tom Coburn,1373
Tom Harkin,1374
Tom Harkin,1375
Tom Harkin,1376
Tom Harkin,1377
Tom Harkin,1378
Tom Harkin,1379
Tom Harkin,1380
Tom Harkin,1381
Tom Harkin,1382
Tom Harkin,1383
Tom Harkin,1384
Tom Harkin,1385
Tom Harkin,1386
Tom Harkin,1387
Tom Harkin,1388
Tom Udall,1389
Tom Udall,1390
Tom Udall,1391
Tom Udall,1392
Tom Udall,1393
Tom Udall,1394
Tom Udall,1395
Tom Udall,1396
Tom Udall,1397
Tom Udall,1398
Tom Udall,1399
Tom Udall,1400
Tom Udall,1401
Tom Udall,1402
Tom Udall,1403
Tom Udall,1404
Tom Udall,1405
Tom Udall,1406
Tom Udall,1407
Tom Udall,1408
